"startTime";"endTime";"Wind power generation forecast - updated every 15 minutes";"Solar power generation forecast - updated every 15 minutes";"Imbalance price"
"2026-02-28T22:00:00.000Z";"2026-02-28T22:15:00.000Z";654.2;0;154.5
"2026-02-28T22:15:00.000Z";"2026-02-28T22:30:00.000Z";659.4;0;133
"2026-02-28T22:30:00.000Z";"2026-02-28T22:45:00.000Z";661.7;0;133
"2026-02-28T22:45:00.000Z";"2026-02-28T23:00:00.000Z";661.6;0;50
"2026-02-28T23:00:00.000Z";"2026-02-28T23:15:00.000Z";589.9;0;194.27
"2026-02-28T23:15:00.000Z";"2026-02-28T23:30:00.000Z";594.5;0;451.56
"2026-02-28T23:30:00.000Z";"2026-02-28T23:45:00.000Z";597.8;0;246.67
"2026-02-28T23:45:00.000Z";"2026-03-01T00:00:00.000Z";600.5;0;24
"2026-03-01T00:00:00.000Z";"2026-03-01T00:15:00.000Z";630.1;0;35
"2026-03-01T00:15:00.000Z";"2026-03-01T00:30:00.000Z";643.5;0;22.7
"2026-03-01T00:30:00.000Z";"2026-03-01T00:45:00.000Z";659.5;0;24.95
"2026-03-01T00:45:00.000Z";"2026-03-01T01:00:00.000Z";678.8;0;160
"2026-03-01T01:00:00.000Z";"2026-03-01T01:15:00.000Z";627.2;0;210
"2026-03-01T01:15:00.000Z";"2026-03-01T01:30:00.000Z";655.1;0;370
"2026-03-01T01:30:00.000Z";"2026-03-01T01:45:00.000Z";680.4;0;370
"2026-03-01T01:45:00.000Z";"2026-03-01T02:00:00.000Z";705.1;0;219
"2026-03-01T02:00:00.000Z";"2026-03-01T02:15:00.000Z";554.3;0;219
"2026-03-01T02:15:00.000Z";"2026-03-01T02:30:00.000Z";586.1;0;200
"2026-03-01T02:30:00.000Z";"2026-03-01T02:45:00.000Z";616;0;160
"2026-03-01T02:45:00.000Z";"2026-03-01T03:00:00.000Z";645;0;125
"2026-03-01T03:00:00.000Z";"2026-03-01T03:15:00.000Z";558.3;0;150
"2026-03-01T03:15:00.000Z";"2026-03-01T03:30:00.000Z";594.7;0;110
"2026-03-01T03:30:00.000Z";"2026-03-01T03:45:00.000Z";629.3;0;50
"2026-03-01T03:45:00.000Z";"2026-03-01T04:00:00.000Z";662.7;0;35
"2026-03-01T04:00:00.000Z";"2026-03-01T04:15:00.000Z";608.1;0;150
"2026-03-01T04:15:00.000Z";"2026-03-01T04:30:00.000Z";650.4;0;25
"2026-03-01T04:30:00.000Z";"2026-03-01T04:45:00.000Z";684.1;0;15
"2026-03-01T04:45:00.000Z";"2026-03-01T05:00:00.000Z";709.9;0;5
"2026-03-01T05:00:00.000Z";"2026-03-01T05:15:00.000Z";973.1;0;5
"2026-03-01T05:15:00.000Z";"2026-03-01T05:30:00.000Z";1004.9;0;14.8
"2026-03-01T05:30:00.000Z";"2026-03-01T05:45:00.000Z";1042.3;0;17
"2026-03-01T05:45:00.000Z";"2026-03-01T06:00:00.000Z";1087.8;0;18.53
"2026-03-01T06:00:00.000Z";"2026-03-01T06:15:00.000Z";1384.7;14.2;17.47
"2026-03-01T06:15:00.000Z";"2026-03-01T06:30:00.000Z";1437.9;21.1;16.1
"2026-03-01T06:30:00.000Z";"2026-03-01T06:45:00.000Z";1483.4;28;-2
"2026-03-01T06:45:00.000Z";"2026-03-01T07:00:00.000Z";1528.2;34.9;0
"2026-03-01T07:00:00.000Z";"2026-03-01T07:15:00.000Z";1666;45.7;10
"2026-03-01T07:15:00.000Z";"2026-03-01T07:30:00.000Z";1725.1;53.1;17
"2026-03-01T07:30:00.000Z";"2026-03-01T07:45:00.000Z";1759.9;60.5;16
"2026-03-01T07:45:00.000Z";"2026-03-01T08:00:00.000Z";1776.3;67.9;32.94
"2026-03-01T08:00:00.000Z";"2026-03-01T08:15:00.000Z";1151.2;67.9;200
"2026-03-01T08:15:00.000Z";"2026-03-01T08:30:00.000Z";1155.1;77.8;130
"2026-03-01T08:30:00.000Z";"2026-03-01T08:45:00.000Z";1151.7;87.7;65.78
"2026-03-01T08:45:00.000Z";"2026-03-01T09:00:00.000Z";1142.6;97.6;105
"2026-03-01T09:00:00.000Z";"2026-03-01T09:15:00.000Z";782.8;120.3;74.26
"2026-03-01T09:15:00.000Z";"2026-03-01T09:30:00.000Z";792.8;128.8;24
"2026-03-01T09:30:00.000Z";"2026-03-01T09:45:00.000Z";800.9;137.3;161.5
"2026-03-01T09:45:00.000Z";"2026-03-01T10:00:00.000Z";806.9;145.8;20
"2026-03-01T10:00:00.000Z";"2026-03-01T10:15:00.000Z";816.6;148.9;33.8
"2026-03-01T10:15:00.000Z";"2026-03-01T10:30:00.000Z";827;154.5;-6
"2026-03-01T10:30:00.000Z";"2026-03-01T10:45:00.000Z";829.8;154.5;104.83
"2026-03-01T10:45:00.000Z";"2026-03-01T11:00:00.000Z";826.7;148.9;12
"2026-03-01T11:00:00.000Z";"2026-03-01T11:15:00.000Z";760.4;137.9;75.62
"2026-03-01T11:15:00.000Z";"2026-03-01T11:30:00.000Z";770.8;137.8;40
"2026-03-01T11:30:00.000Z";"2026-03-01T11:45:00.000Z";780.4;137.7;49.8
"2026-03-01T11:45:00.000Z";"2026-03-01T12:00:00.000Z";790.1;137.5;40
"2026-03-01T12:00:00.000Z";"2026-03-01T12:15:00.000Z";937.8;137.5;61.13
"2026-03-01T12:15:00.000Z";"2026-03-01T12:30:00.000Z";947.3;129.6;54.12
"2026-03-01T12:30:00.000Z";"2026-03-01T12:45:00.000Z";958.3;121.7;85.85
"2026-03-01T12:45:00.000Z";"2026-03-01T13:00:00.000Z";971.9;113.8;100.36
"2026-03-01T13:00:00.000Z";"2026-03-01T13:15:00.000Z";962.8;93.3;77.31
"2026-03-01T13:15:00.000Z";"2026-03-01T13:30:00.000Z";997.2;80.1;59
"2026-03-01T13:30:00.000Z";"2026-03-01T13:45:00.000Z";1031.1;66.9;64.3
"2026-03-01T13:45:00.000Z";"2026-03-01T14:00:00.000Z";1066.2;53.6;60
"2026-03-01T14:00:00.000Z";"2026-03-01T14:15:00.000Z";916.9;30.9;110.55
"2026-03-01T14:15:00.000Z";"2026-03-01T14:30:00.000Z";968.8;21.9;54.9
"2026-03-01T14:30:00.000Z";"2026-03-01T14:45:00.000Z";1019.2;12.9;100.9
"2026-03-01T14:45:00.000Z";"2026-03-01T15:00:00.000Z";1067.9;3.8;78.03
"2026-03-01T15:00:00.000Z";"2026-03-01T15:15:00.000Z";1034.7;2.6;50
"2026-03-01T15:15:00.000Z";"2026-03-01T15:30:00.000Z";1087.9;1.8;55.57
"2026-03-01T15:30:00.000Z";"2026-03-01T15:45:00.000Z";1136.5;0.9;46.72
"2026-03-01T15:45:00.000Z";"2026-03-01T16:00:00.000Z";1181.5;0;51.69
"2026-03-01T16:00:00.000Z";"2026-03-01T16:15:00.000Z";1076.6;0;48.39
"2026-03-01T16:15:00.000Z";"2026-03-01T16:30:00.000Z";1106.6;0;85
"2026-03-01T16:30:00.000Z";"2026-03-01T16:45:00.000Z";1131.7;0;87
"2026-03-01T16:45:00.000Z";"2026-03-01T17:00:00.000Z";1156.5;0;69.46
"2026-03-01T17:00:00.000Z";"2026-03-01T17:15:00.000Z";1020.4;0;87.4
"2026-03-01T17:15:00.000Z";"2026-03-01T17:30:00.000Z";1041.6;0;89.96
"2026-03-01T17:30:00.000Z";"2026-03-01T17:45:00.000Z";1052.2;0;69.7
"2026-03-01T17:45:00.000Z";"2026-03-01T18:00:00.000Z";1051.7;0;46.23
"2026-03-01T18:00:00.000Z";"2026-03-01T18:15:00.000Z";994.2;0;194.27
"2026-03-01T18:15:00.000Z";"2026-03-01T18:30:00.000Z";989.1;0;125
"2026-03-01T18:30:00.000Z";"2026-03-01T18:45:00.000Z";983.5;0;44.85
"2026-03-01T18:45:00.000Z";"2026-03-01T19:00:00.000Z";977.8;0;140
"2026-03-01T19:00:00.000Z";"2026-03-01T19:15:00.000Z";917;0;190
"2026-03-01T19:15:00.000Z";"2026-03-01T19:30:00.000Z";914;0;44.99
"2026-03-01T19:30:00.000Z";"2026-03-01T19:45:00.000Z";912.9;0;120
"2026-03-01T19:45:00.000Z";"2026-03-01T20:00:00.000Z";913.7;0;105
"2026-03-01T20:00:00.000Z";"2026-03-01T20:15:00.000Z";919.5;0;167.18
"2026-03-01T20:15:00.000Z";"2026-03-01T20:30:00.000Z";939.2;0;51.97
"2026-03-01T20:30:00.000Z";"2026-03-01T20:45:00.000Z";962.4;0;165
"2026-03-01T20:45:00.000Z";"2026-03-01T21:00:00.000Z";992.4;0;125
"2026-03-01T21:00:00.000Z";"2026-03-01T21:15:00.000Z";941.4;0;177
"2026-03-01T21:15:00.000Z";"2026-03-01T21:30:00.000Z";980.5;0;161.5
"2026-03-01T21:30:00.000Z";"2026-03-01T21:45:00.000Z";1016;0;190
"2026-03-01T21:45:00.000Z";"2026-03-01T22:00:00.000Z";1050.6;0;190
"2026-03-01T22:00:00.000Z";"2026-03-01T22:15:00.000Z";1032;0;164.6
"2026-03-01T22:15:00.000Z";"2026-03-01T22:30:00.000Z";1072.4;0;140
"2026-03-01T22:30:00.000Z";"2026-03-01T22:45:00.000Z";1108.2;0;164.6
"2026-03-01T22:45:00.000Z";"2026-03-01T23:00:00.000Z";1139.4;0;140
"2026-03-01T23:00:00.000Z";"2026-03-01T23:15:00.000Z";978;0;190
"2026-03-01T23:15:00.000Z";"2026-03-01T23:30:00.000Z";1011.8;0;110
"2026-03-01T23:30:00.000Z";"2026-03-01T23:45:00.000Z";1043.2;0;90
"2026-03-01T23:45:00.000Z";"2026-03-02T00:00:00.000Z";1072.5;0;90
"2026-03-02T00:00:00.000Z";"2026-03-02T00:15:00.000Z";1060.4;0;69.19
"2026-03-02T00:15:00.000Z";"2026-03-02T00:30:00.000Z";1095.7;0;73.2
"2026-03-02T00:30:00.000Z";"2026-03-02T00:45:00.000Z";1126.9;0;15.63
"2026-03-02T00:45:00.000Z";"2026-03-02T01:00:00.000Z";1154.1;0;56.86
"2026-03-02T01:00:00.000Z";"2026-03-02T01:15:00.000Z";1063.5;0;91.14
"2026-03-02T01:15:00.000Z";"2026-03-02T01:30:00.000Z";1086.9;0;110
"2026-03-02T01:30:00.000Z";"2026-03-02T01:45:00.000Z";1097.9;0;56.83
"2026-03-02T01:45:00.000Z";"2026-03-02T02:00:00.000Z";1095.9;0;-100
"2026-03-02T02:00:00.000Z";"2026-03-02T02:15:00.000Z";963.1;0;-100
"2026-03-02T02:15:00.000Z";"2026-03-02T02:30:00.000Z";970.9;0;-157.13
"2026-03-02T02:30:00.000Z";"2026-03-02T02:45:00.000Z";977.9;0;65
"2026-03-02T02:45:00.000Z";"2026-03-02T03:00:00.000Z";983;0;70
"2026-03-02T03:00:00.000Z";"2026-03-02T03:15:00.000Z";943;0;-101.02
"2026-03-02T03:15:00.000Z";"2026-03-02T03:30:00.000Z";952.8;0;-98.79
"2026-03-02T03:30:00.000Z";"2026-03-02T03:45:00.000Z";969.5;0;-99.99
"2026-03-02T03:45:00.000Z";"2026-03-02T04:00:00.000Z";993;0;-100
"2026-03-02T04:00:00.000Z";"2026-03-02T04:15:00.000Z";949.2;0;117.83
"2026-03-02T04:15:00.000Z";"2026-03-02T04:30:00.000Z";992;0;78.05
"2026-03-02T04:30:00.000Z";"2026-03-02T04:45:00.000Z";1011.3;0;138
"2026-03-02T04:45:00.000Z";"2026-03-02T05:00:00.000Z";1006.9;0;150
"2026-03-02T05:00:00.000Z";"2026-03-02T05:15:00.000Z";839.1;0;160
"2026-03-02T05:15:00.000Z";"2026-03-02T05:30:00.000Z";862.1;1.5;152
"2026-03-02T05:30:00.000Z";"2026-03-02T05:45:00.000Z";848.6;3.1;150
"2026-03-02T05:45:00.000Z";"2026-03-02T06:00:00.000Z";798.4;4.6;156.19
"2026-03-02T06:00:00.000Z";"2026-03-02T06:15:00.000Z";469.8;29.1;12.05
"2026-03-02T06:15:00.000Z";"2026-03-02T06:30:00.000Z";430.4;42.9;158.33
"2026-03-02T06:30:00.000Z";"2026-03-02T06:45:00.000Z";396.8;56.7;141
"2026-03-02T06:45:00.000Z";"2026-03-02T07:00:00.000Z";360.2;70.5;190
"2026-03-02T07:00:00.000Z";"2026-03-02T07:15:00.000Z";278.7;92.9;168.7
"2026-03-02T07:15:00.000Z";"2026-03-02T07:30:00.000Z";269.6;108.5;175
"2026-03-02T07:30:00.000Z";"2026-03-02T07:45:00.000Z";259.6;124.1;168.7
"2026-03-02T07:45:00.000Z";"2026-03-02T08:00:00.000Z";247.6;139.8;214.82
"2026-03-02T08:00:00.000Z";"2026-03-02T08:15:00.000Z";273.9;160;190
"2026-03-02T08:15:00.000Z";"2026-03-02T08:30:00.000Z";264.3;172.1;196.1
"2026-03-02T08:30:00.000Z";"2026-03-02T08:45:00.000Z";255;184.3;180
"2026-03-02T08:45:00.000Z";"2026-03-02T09:00:00.000Z";246.1;196.4;177
"2026-03-02T09:00:00.000Z";"2026-03-02T09:15:00.000Z";228.3;199.2;116
"2026-03-02T09:15:00.000Z";"2026-03-02T09:30:00.000Z";223.2;207.9;85
"2026-03-02T09:30:00.000Z";"2026-03-02T09:45:00.000Z";218.1;216.5;30.93
"2026-03-02T09:45:00.000Z";"2026-03-02T10:00:00.000Z";212.7;225.1;24.63
"2026-03-02T10:00:00.000Z";"2026-03-02T10:15:00.000Z";236.3;243.1;15.53
"2026-03-02T10:15:00.000Z";"2026-03-02T10:30:00.000Z";231.5;253.3;-23.61
"2026-03-02T10:30:00.000Z";"2026-03-02T10:45:00.000Z";227.4;253.3;0.48
"2026-03-02T10:45:00.000Z";"2026-03-02T11:00:00.000Z";223.8;243.1;-2.43
"2026-03-02T11:00:00.000Z";"2026-03-02T11:15:00.000Z";248;232.6;-3.98
"2026-03-02T11:15:00.000Z";"2026-03-02T11:30:00.000Z";244.7;226.1;-2.3
"2026-03-02T11:30:00.000Z";"2026-03-02T11:45:00.000Z";241.1;219.6;4.37
"2026-03-02T11:45:00.000Z";"2026-03-02T12:00:00.000Z";237.1;213.1;7.63
"2026-03-02T12:00:00.000Z";"2026-03-02T12:15:00.000Z";221.6;212.6;9.99
"2026-03-02T12:15:00.000Z";"2026-03-02T12:30:00.000Z";219;201.6;7.61
"2026-03-02T12:30:00.000Z";"2026-03-02T12:45:00.000Z";217.2;190.7;152
"2026-03-02T12:45:00.000Z";"2026-03-02T13:00:00.000Z";216.3;179.7;96.34
"2026-03-02T13:00:00.000Z";"2026-03-02T13:15:00.000Z";197.6;162.4;190
"2026-03-02T13:15:00.000Z";"2026-03-02T13:30:00.000Z";201.2;146;154
"2026-03-02T13:30:00.000Z";"2026-03-02T13:45:00.000Z";207;129.6;103.35
"2026-03-02T13:45:00.000Z";"2026-03-02T14:00:00.000Z";214.7;113.2;120
"2026-03-02T14:00:00.000Z";"2026-03-02T14:15:00.000Z";213.2;88.9;109.65
"2026-03-02T14:15:00.000Z";"2026-03-02T14:30:00.000Z";231.2;71.9;113.49
"2026-03-02T14:30:00.000Z";"2026-03-02T14:45:00.000Z";247.8;54.8;133.8
"2026-03-02T14:45:00.000Z";"2026-03-02T15:00:00.000Z";263.3;37.7;150
"2026-03-02T15:00:00.000Z";"2026-03-02T15:15:00.000Z";273.7;1.9;133.39
"2026-03-02T15:15:00.000Z";"2026-03-02T15:30:00.000Z";289.3;1.3;120
"2026-03-02T15:30:00.000Z";"2026-03-02T15:45:00.000Z";299.6;0.6;85
"2026-03-02T15:45:00.000Z";"2026-03-02T16:00:00.000Z";305;0;6.52
"2026-03-02T16:00:00.000Z";"2026-03-02T16:15:00.000Z";308.2;0;0.59
"2026-03-02T16:15:00.000Z";"2026-03-02T16:30:00.000Z";313.9;0;40.74
"2026-03-02T16:30:00.000Z";"2026-03-02T16:45:00.000Z";313.4;0;176.4
"2026-03-02T16:45:00.000Z";"2026-03-02T17:00:00.000Z";305.3;0;194.27
"2026-03-02T17:00:00.000Z";"2026-03-02T17:15:00.000Z";239.3;0;218
"2026-03-02T17:15:00.000Z";"2026-03-02T17:30:00.000Z";235.1;0;177
"2026-03-02T17:30:00.000Z";"2026-03-02T17:45:00.000Z";231.3;0;165.01
"2026-03-02T17:45:00.000Z";"2026-03-02T18:00:00.000Z";227.3;0;150
"2026-03-02T18:00:00.000Z";"2026-03-02T18:15:00.000Z";224.6;0;152
"2026-03-02T18:15:00.000Z";"2026-03-02T18:30:00.000Z";224.9;0;152
"2026-03-02T18:30:00.000Z";"2026-03-02T18:45:00.000Z";225.5;0;109.5
"2026-03-02T18:45:00.000Z";"2026-03-02T19:00:00.000Z";226.6;0;175
"2026-03-02T19:00:00.000Z";"2026-03-02T19:15:00.000Z";228.6;0;154
"2026-03-02T19:15:00.000Z";"2026-03-02T19:30:00.000Z";247;0;122
"2026-03-02T19:30:00.000Z";"2026-03-02T19:45:00.000Z";262.9;0;177
"2026-03-02T19:45:00.000Z";"2026-03-02T20:00:00.000Z";277;0;84.5
"2026-03-02T20:00:00.000Z";"2026-03-02T20:15:00.000Z";356.6;0;177
"2026-03-02T20:15:00.000Z";"2026-03-02T20:30:00.000Z";398;0;-1.21
"2026-03-02T20:30:00.000Z";"2026-03-02T20:45:00.000Z";437.9;0;40.2
"2026-03-02T20:45:00.000Z";"2026-03-02T21:00:00.000Z";478.4;0;26
"2026-03-02T21:00:00.000Z";"2026-03-02T21:15:00.000Z";584.5;0;49.06
"2026-03-02T21:15:00.000Z";"2026-03-02T21:30:00.000Z";652;0;30
"2026-03-02T21:30:00.000Z";"2026-03-02T21:45:00.000Z";717.8;0;16
"2026-03-02T21:45:00.000Z";"2026-03-02T22:00:00.000Z";784.9;0;8.3
"2026-03-02T22:00:00.000Z";"2026-03-02T22:15:00.000Z";912.6;0;-1.98
"2026-03-02T22:15:00.000Z";"2026-03-02T22:30:00.000Z";1015.4;0;-5.97
"2026-03-02T22:30:00.000Z";"2026-03-02T22:45:00.000Z";1119.2;0;-13.2
"2026-03-02T22:45:00.000Z";"2026-03-02T23:00:00.000Z";1225.4;0;-18.07
"2026-03-02T23:00:00.000Z";"2026-03-02T23:15:00.000Z";1395.5;0;-7.1
"2026-03-02T23:15:00.000Z";"2026-03-02T23:30:00.000Z";1521.9;0;-7.1
"2026-03-02T23:30:00.000Z";"2026-03-02T23:45:00.000Z";1646.5;0;-13.17
"2026-03-02T23:45:00.000Z";"2026-03-03T00:00:00.000Z";1773.1;0;-12.8
"2026-03-03T00:00:00.000Z";"2026-03-03T00:15:00.000Z";2000.4;0;-11.88
"2026-03-03T00:15:00.000Z";"2026-03-03T00:30:00.000Z";2160.4;0;-18.27
"2026-03-03T00:30:00.000Z";"2026-03-03T00:45:00.000Z";2318.2;0;-21.29
"2026-03-03T00:45:00.000Z";"2026-03-03T01:00:00.000Z";2477;0;-13.24
"2026-03-03T01:00:00.000Z";"2026-03-03T01:15:00.000Z";2729;0;-38.34
"2026-03-03T01:15:00.000Z";"2026-03-03T01:30:00.000Z";2898.3;0;-63.49
"2026-03-03T01:30:00.000Z";"2026-03-03T01:45:00.000Z";3063.7;0;-10.91
"2026-03-03T01:45:00.000Z";"2026-03-03T02:00:00.000Z";3228.3;0;-71.59
"2026-03-03T02:00:00.000Z";"2026-03-03T02:15:00.000Z";3013.6;0;-40.1
"2026-03-03T02:15:00.000Z";"2026-03-03T02:30:00.000Z";3165;0;-73.73
"2026-03-03T02:30:00.000Z";"2026-03-03T02:45:00.000Z";3309.1;0;-44.81
"2026-03-03T02:45:00.000Z";"2026-03-03T03:00:00.000Z";3453.3;0;-54.88
"2026-03-03T03:00:00.000Z";"2026-03-03T03:15:00.000Z";3674.5;0;-36.88
"2026-03-03T03:15:00.000Z";"2026-03-03T03:30:00.000Z";3826.7;0;-99.72
"2026-03-03T03:30:00.000Z";"2026-03-03T03:45:00.000Z";3976.5;0;-99.54
"2026-03-03T03:45:00.000Z";"2026-03-03T04:00:00.000Z";4128.4;0;-99.65
"2026-03-03T04:00:00.000Z";"2026-03-03T04:15:00.000Z";4486;0;-30.04
"2026-03-03T04:15:00.000Z";"2026-03-03T04:30:00.000Z";4637.2;0;-10
"2026-03-03T04:30:00.000Z";"2026-03-03T04:45:00.000Z";4785.2;0;-11.32
"2026-03-03T04:45:00.000Z";"2026-03-03T05:00:00.000Z";4936.6;0;-21.52
"2026-03-03T05:00:00.000Z";"2026-03-03T05:15:00.000Z";5066.9;0;-30.76
"2026-03-03T05:15:00.000Z";"2026-03-03T05:30:00.000Z";5196.7;3.2;-14.44
"2026-03-03T05:30:00.000Z";"2026-03-03T05:45:00.000Z";5312;6.4;-19.54
"2026-03-03T05:45:00.000Z";"2026-03-03T06:00:00.000Z";5415.6;9.6;-15.14
"2026-03-03T06:00:00.000Z";"2026-03-03T06:15:00.000Z";5505.8;28.8;-18.87
"2026-03-03T06:15:00.000Z";"2026-03-03T06:30:00.000Z";5598.1;38.9;-19.49
"2026-03-03T06:30:00.000Z";"2026-03-03T06:45:00.000Z";5667.8;49;-9.73
"2026-03-03T06:45:00.000Z";"2026-03-03T07:00:00.000Z";5716.5;59.1;-16.01
"2026-03-03T07:00:00.000Z";"2026-03-03T07:15:00.000Z";5868.6;77.7;-9.2
"2026-03-03T07:15:00.000Z";"2026-03-03T07:30:00.000Z";5910.6;86.6;-14.57
"2026-03-03T07:30:00.000Z";"2026-03-03T07:45:00.000Z";5949.4;95.4;-3.54
"2026-03-03T07:45:00.000Z";"2026-03-03T08:00:00.000Z";5987.1;104.2;-5.87
"2026-03-03T08:00:00.000Z";"2026-03-03T08:15:00.000Z";5824.8;113.3;-11.94
"2026-03-03T08:15:00.000Z";"2026-03-03T08:30:00.000Z";5858.2;118.9;-8.83
"2026-03-03T08:30:00.000Z";"2026-03-03T08:45:00.000Z";5899.3;122.6;5
"2026-03-03T08:45:00.000Z";"2026-03-03T09:00:00.000Z";5950.8;128.1;18
"2026-03-03T09:00:00.000Z";"2026-03-03T09:15:00.000Z";6004.9;128.1;10
"2026-03-03T09:15:00.000Z";"2026-03-03T09:30:00.000Z";6047.9;132.2;34.5
"2026-03-03T09:30:00.000Z";"2026-03-03T09:45:00.000Z";6088.5;136.3;-9.38
"2026-03-03T09:45:00.000Z";"2026-03-03T10:00:00.000Z";6130.7;140.4;-12.12
"2026-03-03T10:00:00.000Z";"2026-03-03T10:15:00.000Z";6083.9;159.3;16.3
"2026-03-03T10:15:00.000Z";"2026-03-03T10:30:00.000Z";6112.1;164;-0.92
"2026-03-03T10:30:00.000Z";"2026-03-03T10:45:00.000Z";6132.8;164;1.2
"2026-03-03T10:45:00.000Z";"2026-03-03T11:00:00.000Z";6144.6;159.3;6.77
"2026-03-03T11:00:00.000Z";"2026-03-03T11:15:00.000Z";5947.1;158.7;-1.3
"2026-03-03T11:15:00.000Z";"2026-03-03T11:30:00.000Z";5967.2;152.8;45.18
"2026-03-03T11:30:00.000Z";"2026-03-03T11:45:00.000Z";5996.4;147;5
"2026-03-03T11:45:00.000Z";"2026-03-03T12:00:00.000Z";6036;141.1;-5.98
"2026-03-03T12:00:00.000Z";"2026-03-03T12:15:00.000Z";6103.9;129.7;-19.9
"2026-03-03T12:15:00.000Z";"2026-03-03T12:30:00.000Z";6144.9;119.8;-19.4
"2026-03-03T12:30:00.000Z";"2026-03-03T12:45:00.000Z";6179.3;109.9;-10.83
"2026-03-03T12:45:00.000Z";"2026-03-03T13:00:00.000Z";6208.2;99.9;10
"2026-03-03T13:00:00.000Z";"2026-03-03T13:15:00.000Z";5940.7;82.9;15
"2026-03-03T13:15:00.000Z";"2026-03-03T13:30:00.000Z";5955.2;72.3;20
"2026-03-03T13:30:00.000Z";"2026-03-03T13:45:00.000Z";5964.5;61.6;10
"2026-03-03T13:45:00.000Z";"2026-03-03T14:00:00.000Z";5969.2;51;-12.67
"2026-03-03T14:00:00.000Z";"2026-03-03T14:15:00.000Z";6092.5;38.4;-19.87
"2026-03-03T14:15:00.000Z";"2026-03-03T14:30:00.000Z";6070.2;30.2;-20.02
"2026-03-03T14:30:00.000Z";"2026-03-03T14:45:00.000Z";6049.2;22;-14.71
"2026-03-03T14:45:00.000Z";"2026-03-03T15:00:00.000Z";6028;13.7;-20.49
"2026-03-03T15:00:00.000Z";"2026-03-03T15:15:00.000Z";5898.4;2.3;-24.82
"2026-03-03T15:15:00.000Z";"2026-03-03T15:30:00.000Z";5846.8;1.6;-25
"2026-03-03T15:30:00.000Z";"2026-03-03T15:45:00.000Z";5792.5;0.8;-25
"2026-03-03T15:45:00.000Z";"2026-03-03T16:00:00.000Z";5733.9;0;-20.8
"2026-03-03T16:00:00.000Z";"2026-03-03T16:15:00.000Z";5538.7;0;-2
"2026-03-03T16:15:00.000Z";"2026-03-03T16:30:00.000Z";5474.2;0;-2
"2026-03-03T16:30:00.000Z";"2026-03-03T16:45:00.000Z";5435.6;0;-1
"2026-03-03T16:45:00.000Z";"2026-03-03T17:00:00.000Z";5421.4;0;-2
"2026-03-03T17:00:00.000Z";"2026-03-03T17:15:00.000Z";5106.9;0;-21.03
"2026-03-03T17:15:00.000Z";"2026-03-03T17:30:00.000Z";5078.3;0;-15.34
"2026-03-03T17:30:00.000Z";"2026-03-03T17:45:00.000Z";5052.1;0;-21.55
"2026-03-03T17:45:00.000Z";"2026-03-03T18:00:00.000Z";5030.7;0;-24.39
"2026-03-03T18:00:00.000Z";"2026-03-03T18:15:00.000Z";4793.7;0;-20.23
"2026-03-03T18:15:00.000Z";"2026-03-03T18:30:00.000Z";4764.5;0;-10.24
"2026-03-03T18:30:00.000Z";"2026-03-03T18:45:00.000Z";4733.8;0;-15.9
"2026-03-03T18:45:00.000Z";"2026-03-03T19:00:00.000Z";4701.4;0;-24.8
"2026-03-03T19:00:00.000Z";"2026-03-03T19:15:00.000Z";4559.5;0;-17.65
"2026-03-03T19:15:00.000Z";"2026-03-03T19:30:00.000Z";4535;0;-23.05
"2026-03-03T19:30:00.000Z";"2026-03-03T19:45:00.000Z";4522.6;0;-24.03
"2026-03-03T19:45:00.000Z";"2026-03-03T20:00:00.000Z";4524.6;0;-19.32
"2026-03-03T20:00:00.000Z";"2026-03-03T20:15:00.000Z";4371.8;0;-18.52
"2026-03-03T20:15:00.000Z";"2026-03-03T20:30:00.000Z";4375.5;0;-24.01
"2026-03-03T20:30:00.000Z";"2026-03-03T20:45:00.000Z";4393;0;-16.88
"2026-03-03T20:45:00.000Z";"2026-03-03T21:00:00.000Z";4423.4;0;-24.66
"2026-03-03T21:00:00.000Z";"2026-03-03T21:15:00.000Z";4652.6;0;-21.23
"2026-03-03T21:15:00.000Z";"2026-03-03T21:30:00.000Z";4691.9;0;-23.94
"2026-03-03T21:30:00.000Z";"2026-03-03T21:45:00.000Z";4735.3;0;-29.96
"2026-03-03T21:45:00.000Z";"2026-03-03T22:00:00.000Z";4788.5;0;-30
"2026-03-03T22:00:00.000Z";"2026-03-03T22:15:00.000Z";4909.5;0;-24.49
"2026-03-03T22:15:00.000Z";"2026-03-03T22:30:00.000Z";4956.2;0;-13.7
"2026-03-03T22:30:00.000Z";"2026-03-03T22:45:00.000Z";4986.2;0;-5
"2026-03-03T22:45:00.000Z";"2026-03-03T23:00:00.000Z";5005.6;0;-5
"2026-03-03T23:00:00.000Z";"2026-03-03T23:15:00.000Z";4535.9;0;14.22
"2026-03-03T23:15:00.000Z";"2026-03-03T23:30:00.000Z";4572.2;0;15
"2026-03-03T23:30:00.000Z";"2026-03-03T23:45:00.000Z";4603.3;0;-19.21
"2026-03-03T23:45:00.000Z";"2026-03-04T00:00:00.000Z";4629.6;0;10
"2026-03-04T00:00:00.000Z";"2026-03-04T00:15:00.000Z";5106.8;0;10
"2026-03-04T00:15:00.000Z";"2026-03-04T00:30:00.000Z";5136.1;0;-26.4
"2026-03-04T00:30:00.000Z";"2026-03-04T00:45:00.000Z";5167.6;0;-24.96
"2026-03-04T00:45:00.000Z";"2026-03-04T01:00:00.000Z";5201.8;0;15
"2026-03-04T01:00:00.000Z";"2026-03-04T01:15:00.000Z";5112.9;0;15
"2026-03-04T01:15:00.000Z";"2026-03-04T01:30:00.000Z";5143;0;-25.11
"2026-03-04T01:30:00.000Z";"2026-03-04T01:45:00.000Z";5168.7;0;10
"2026-03-04T01:45:00.000Z";"2026-03-04T02:00:00.000Z";5193.4;0;10
"2026-03-04T02:00:00.000Z";"2026-03-04T02:15:00.000Z";5068.1;0;-2.55
"2026-03-04T02:15:00.000Z";"2026-03-04T02:30:00.000Z";5084.2;0;-1
"2026-03-04T02:30:00.000Z";"2026-03-04T02:45:00.000Z";5099;0;-6.6
"2026-03-04T02:45:00.000Z";"2026-03-04T03:00:00.000Z";5112.2;0;-20.59
"2026-03-04T03:00:00.000Z";"2026-03-04T03:15:00.000Z";4945.5;0;-9.6
"2026-03-04T03:15:00.000Z";"2026-03-04T03:30:00.000Z";4956.9;0;-23.92
"2026-03-04T03:30:00.000Z";"2026-03-04T03:45:00.000Z";4967.8;0;-13.34
"2026-03-04T03:45:00.000Z";"2026-03-04T04:00:00.000Z";4979.6;0;-2.55
"2026-03-04T04:00:00.000Z";"2026-03-04T04:15:00.000Z";5090.1;0;-2.55
"2026-03-04T04:15:00.000Z";"2026-03-04T04:30:00.000Z";5102.1;0;-1
"2026-03-04T04:30:00.000Z";"2026-03-04T04:45:00.000Z";5112.3;0;-26.17
"2026-03-04T04:45:00.000Z";"2026-03-04T05:00:00.000Z";5114;0;8
"2026-03-04T05:00:00.000Z";"2026-03-04T05:15:00.000Z";5118.6;0;-27.16
"2026-03-04T05:15:00.000Z";"2026-03-04T05:30:00.000Z";5122.6;7.8;-21.1
"2026-03-04T05:30:00.000Z";"2026-03-04T05:45:00.000Z";5122.2;15.6;-19.23
"2026-03-04T05:45:00.000Z";"2026-03-04T06:00:00.000Z";5115.9;23.4;-28.34
"2026-03-04T06:00:00.000Z";"2026-03-04T06:15:00.000Z";4962.7;68;-41.53
"2026-03-04T06:15:00.000Z";"2026-03-04T06:30:00.000Z";4956.6;87.5;-24.52
"2026-03-04T06:30:00.000Z";"2026-03-04T06:45:00.000Z";4952.9;107;0
"2026-03-04T06:45:00.000Z";"2026-03-04T07:00:00.000Z";4950.7;126.5;-24.67
"2026-03-04T07:00:00.000Z";"2026-03-04T07:15:00.000Z";4840.2;158.2;-24.85
"2026-03-04T07:15:00.000Z";"2026-03-04T07:30:00.000Z";4834.3;176.1;-24.69
"2026-03-04T07:30:00.000Z";"2026-03-04T07:45:00.000Z";4803.8;193.9;-18.86
"2026-03-04T07:45:00.000Z";"2026-03-04T08:00:00.000Z";4750.9;211.8;-11.65
"2026-03-04T08:00:00.000Z";"2026-03-04T08:15:00.000Z";4358;225.7;-19.5
"2026-03-04T08:15:00.000Z";"2026-03-04T08:30:00.000Z";4286;237.9;-9.34
"2026-03-04T08:30:00.000Z";"2026-03-04T08:45:00.000Z";4216.9;250.1;-23.75
"2026-03-04T08:45:00.000Z";"2026-03-04T09:00:00.000Z";4140.4;262.2;-28.24
"2026-03-04T09:00:00.000Z";"2026-03-04T09:15:00.000Z";3864.7;282.4;-2.55
"2026-03-04T09:15:00.000Z";"2026-03-04T09:30:00.000Z";3792.2;282.7;-33.44
"2026-03-04T09:30:00.000Z";"2026-03-04T09:45:00.000Z";3731.3;282.8;-30.07
"2026-03-04T09:45:00.000Z";"2026-03-04T10:00:00.000Z";3676.1;283;-22.32
"2026-03-04T10:00:00.000Z";"2026-03-04T10:15:00.000Z";3844.4;283;-20.34
"2026-03-04T10:15:00.000Z";"2026-03-04T10:30:00.000Z";3815.1;283.2;-19.9
"2026-03-04T10:30:00.000Z";"2026-03-04T10:45:00.000Z";3781.9;283.2;-21.74
"2026-03-04T10:45:00.000Z";"2026-03-04T11:00:00.000Z";3741.3;283;-19.21
"2026-03-04T11:00:00.000Z";"2026-03-04T11:15:00.000Z";3275.8;282.3;-8.16
"2026-03-04T11:15:00.000Z";"2026-03-04T11:30:00.000Z";3256;273.3;-1
"2026-03-04T11:30:00.000Z";"2026-03-04T11:45:00.000Z";3248.9;264.2;36.08
"2026-03-04T11:45:00.000Z";"2026-03-04T12:00:00.000Z";3252.1;255.1;-0.5
"2026-03-04T12:00:00.000Z";"2026-03-04T12:15:00.000Z";3301.7;226.8;-15.9
"2026-03-04T12:15:00.000Z";"2026-03-04T12:30:00.000Z";3328;211.3;-4.29
"2026-03-04T12:30:00.000Z";"2026-03-04T12:45:00.000Z";3366.8;195.7;-2.5
"2026-03-04T12:45:00.000Z";"2026-03-04T13:00:00.000Z";3428.4;180.1;-17.18
"2026-03-04T13:00:00.000Z";"2026-03-04T13:15:00.000Z";3659.1;165.9;20
"2026-03-04T13:15:00.000Z";"2026-03-04T13:30:00.000Z";3790.7;148.1;10
"2026-03-04T13:30:00.000Z";"2026-03-04T13:45:00.000Z";3919.4;130.3;33.05
"2026-03-04T13:45:00.000Z";"2026-03-04T14:00:00.000Z";4052.6;112.5;-0.58
"2026-03-04T14:00:00.000Z";"2026-03-04T14:15:00.000Z";4124.8;86;-16.63
"2026-03-04T14:15:00.000Z";"2026-03-04T14:30:00.000Z";4262.1;69.2;50.94
"2026-03-04T14:30:00.000Z";"2026-03-04T14:45:00.000Z";4389;52.3;28.55
"2026-03-04T14:45:00.000Z";"2026-03-04T15:00:00.000Z";4515.5;35.4;13.93
"2026-03-04T15:00:00.000Z";"2026-03-04T15:15:00.000Z";4362.2;8.8;39.56
"2026-03-04T15:15:00.000Z";"2026-03-04T15:30:00.000Z";4387.3;5.8;51.95
"2026-03-04T15:30:00.000Z";"2026-03-04T15:45:00.000Z";4395.6;2.9;57.94
"2026-03-04T15:45:00.000Z";"2026-03-04T16:00:00.000Z";4395.9;0;59.33
"2026-03-04T16:00:00.000Z";"2026-03-04T16:15:00.000Z";3949.4;0;65
"2026-03-04T16:15:00.000Z";"2026-03-04T16:30:00.000Z";3941.8;0;50
"2026-03-04T16:30:00.000Z";"2026-03-04T16:45:00.000Z";3917.2;0;68
"2026-03-04T16:45:00.000Z";"2026-03-04T17:00:00.000Z";3873;0;122.53
"2026-03-04T17:00:00.000Z";"2026-03-04T17:15:00.000Z";3320.6;0;219
"2026-03-04T17:15:00.000Z";"2026-03-04T17:30:00.000Z";3273.7;0;182.12
"2026-03-04T17:30:00.000Z";"2026-03-04T17:45:00.000Z";3237;0;125
"2026-03-04T17:45:00.000Z";"2026-03-04T18:00:00.000Z";3207.1;0;130
"2026-03-04T18:00:00.000Z";"2026-03-04T18:15:00.000Z";3385.7;0;63
"2026-03-04T18:15:00.000Z";"2026-03-04T18:30:00.000Z";3356.8;0;63
"2026-03-04T18:30:00.000Z";"2026-03-04T18:45:00.000Z";3340;0;42
"2026-03-04T18:45:00.000Z";"2026-03-04T19:00:00.000Z";3336.6;0;44.89
"2026-03-04T19:00:00.000Z";"2026-03-04T19:15:00.000Z";3333.9;0;-1.45
"2026-03-04T19:15:00.000Z";"2026-03-04T19:30:00.000Z";3298.7;0;2.3
"2026-03-04T19:30:00.000Z";"2026-03-04T19:45:00.000Z";3268.4;0;3.62
"2026-03-04T19:45:00.000Z";"2026-03-04T20:00:00.000Z";3245.8;0;2.69
"2026-03-04T20:00:00.000Z";"2026-03-04T20:15:00.000Z";3139.3;0;0
"2026-03-04T20:15:00.000Z";"2026-03-04T20:30:00.000Z";3104.5;0;0
"2026-03-04T20:30:00.000Z";"2026-03-04T20:45:00.000Z";3072;0;0.02
"2026-03-04T20:45:00.000Z";"2026-03-04T21:00:00.000Z";3044.5;0;3.83
"2026-03-04T21:00:00.000Z";"2026-03-04T21:15:00.000Z";2908.7;0;50
"2026-03-04T21:15:00.000Z";"2026-03-04T21:30:00.000Z";2899.2;0;-24.23
"2026-03-04T21:30:00.000Z";"2026-03-04T21:45:00.000Z";2892.2;0;-24.04
"2026-03-04T21:45:00.000Z";"2026-03-04T22:00:00.000Z";2884.9;0;-27.63
"2026-03-04T22:00:00.000Z";"2026-03-04T22:15:00.000Z";2961.6;0;-12
"2026-03-04T22:15:00.000Z";"2026-03-04T22:30:00.000Z";2955.4;0;0
"2026-03-04T22:30:00.000Z";"2026-03-04T22:45:00.000Z";2947.9;0;-5.25
"2026-03-04T22:45:00.000Z";"2026-03-04T23:00:00.000Z";2949.4;0;-28.24
"2026-03-04T23:00:00.000Z";"2026-03-04T23:15:00.000Z";2841.8;0;60
"2026-03-04T23:15:00.000Z";"2026-03-04T23:30:00.000Z";2845.2;0;42
"2026-03-04T23:30:00.000Z";"2026-03-04T23:45:00.000Z";2850.2;0;17.63
"2026-03-04T23:45:00.000Z";"2026-03-05T00:00:00.000Z";2857.4;0;20
"2026-03-05T00:00:00.000Z";"2026-03-05T00:15:00.000Z";2938.5;0;-27.26
"2026-03-05T00:15:00.000Z";"2026-03-05T00:30:00.000Z";2921;0;6
"2026-03-05T00:30:00.000Z";"2026-03-05T00:45:00.000Z";2891.4;0;20.96
"2026-03-05T00:45:00.000Z";"2026-03-05T01:00:00.000Z";2849.4;0;-7.28
"2026-03-05T01:00:00.000Z";"2026-03-05T01:15:00.000Z";2840.8;0;-49.58
"2026-03-05T01:15:00.000Z";"2026-03-05T01:30:00.000Z";2794.2;0;-31.02
"2026-03-05T01:30:00.000Z";"2026-03-05T01:45:00.000Z";2750.2;0;-31
"2026-03-05T01:45:00.000Z";"2026-03-05T02:00:00.000Z";2707.7;0;-30.89
"2026-03-05T02:00:00.000Z";"2026-03-05T02:15:00.000Z";2788.4;0;-14.63
"2026-03-05T02:15:00.000Z";"2026-03-05T02:30:00.000Z";2740.6;0;-15
"2026-03-05T02:30:00.000Z";"2026-03-05T02:45:00.000Z";2695.6;0;-14.86
"2026-03-05T02:45:00.000Z";"2026-03-05T03:00:00.000Z";2652.6;0;-0.37
"2026-03-05T03:00:00.000Z";"2026-03-05T03:15:00.000Z";2632.7;0;-3.82
"2026-03-05T03:15:00.000Z";"2026-03-05T03:30:00.000Z";2580;0;1
"2026-03-05T03:30:00.000Z";"2026-03-05T03:45:00.000Z";2526.9;0;-13.25
"2026-03-05T03:45:00.000Z";"2026-03-05T04:00:00.000Z";2474.7;0;-23.09
"2026-03-05T04:00:00.000Z";"2026-03-05T04:15:00.000Z";2688.2;0;-8.15
"2026-03-05T04:15:00.000Z";"2026-03-05T04:30:00.000Z";2631.3;0;2
"2026-03-05T04:30:00.000Z";"2026-03-05T04:45:00.000Z";2571.8;0;-15.47
"2026-03-05T04:45:00.000Z";"2026-03-05T05:00:00.000Z";2509.5;0;0.75
"2026-03-05T05:00:00.000Z";"2026-03-05T05:15:00.000Z";2910.6;0;3.89
"2026-03-05T05:15:00.000Z";"2026-03-05T05:30:00.000Z";2824.7;9.7;-15.42
"2026-03-05T05:30:00.000Z";"2026-03-05T05:45:00.000Z";2730.1;19.5;-21.61
"2026-03-05T05:45:00.000Z";"2026-03-05T06:00:00.000Z";2624;29.2;-22.49
"2026-03-05T06:00:00.000Z";"2026-03-05T06:15:00.000Z";2325.3;74.6;-0.39
"2026-03-05T06:15:00.000Z";"2026-03-05T06:30:00.000Z";2231.8;99.5;-3.7
"2026-03-05T06:30:00.000Z";"2026-03-05T06:45:00.000Z";2141.5;124.4;-3.86
"2026-03-05T06:45:00.000Z";"2026-03-05T07:00:00.000Z";2046.3;149.3;-18.03
"2026-03-05T07:00:00.000Z";"2026-03-05T07:15:00.000Z";1983.3;169.2;-109.96
"2026-03-05T07:15:00.000Z";"2026-03-05T07:30:00.000Z";1900;193.6;-299.7
"2026-03-05T07:30:00.000Z";"2026-03-05T07:45:00.000Z";1811;217.9;-44.79
"2026-03-05T07:45:00.000Z";"2026-03-05T08:00:00.000Z";1712.9;242.2;-3.5
"2026-03-05T08:00:00.000Z";"2026-03-05T08:15:00.000Z";1247.1;274.8;-14.93
"2026-03-05T08:15:00.000Z";"2026-03-05T08:30:00.000Z";1163.7;292.9;-4.43
"2026-03-05T08:30:00.000Z";"2026-03-05T08:45:00.000Z";1077.6;311.1;-8.2
"2026-03-05T08:45:00.000Z";"2026-03-05T09:00:00.000Z";987.7;329.2;-14.83
"2026-03-05T09:00:00.000Z";"2026-03-05T09:15:00.000Z";498.2;335.2;-69.51
"2026-03-05T09:15:00.000Z";"2026-03-05T09:30:00.000Z";474;345.6;26.34
"2026-03-05T09:30:00.000Z";"2026-03-05T09:45:00.000Z";451.9;355.9;30.47
"2026-03-05T09:45:00.000Z";"2026-03-05T10:00:00.000Z";426.3;366.3;6.02
"2026-03-05T10:00:00.000Z";"2026-03-05T10:15:00.000Z";387.4;383.5;56.28
"2026-03-05T10:15:00.000Z";"2026-03-05T10:30:00.000Z";381.1;384.6;44.24
"2026-03-05T10:30:00.000Z";"2026-03-05T10:45:00.000Z";379.4;385.3;59.73
"2026-03-05T10:45:00.000Z";"2026-03-05T11:00:00.000Z";380.8;386.4;-5.32
"2026-03-05T11:00:00.000Z";"2026-03-05T11:15:00.000Z";370.5;385.8;9.92
"2026-03-05T11:15:00.000Z";"2026-03-05T11:30:00.000Z";382.1;386.4;-13.17
"2026-03-05T11:30:00.000Z";"2026-03-05T11:45:00.000Z";395.4;386.4;24.45
"2026-03-05T11:45:00.000Z";"2026-03-05T12:00:00.000Z";411.5;385.8;18.33
"2026-03-05T12:00:00.000Z";"2026-03-05T12:15:00.000Z";385.6;358.3;7.29
"2026-03-05T12:15:00.000Z";"2026-03-05T12:30:00.000Z";413.4;338.5;17.17
"2026-03-05T12:30:00.000Z";"2026-03-05T12:45:00.000Z";440.8;318.8;20
"2026-03-05T12:45:00.000Z";"2026-03-05T13:00:00.000Z";471.2;299.1;20
"2026-03-05T13:00:00.000Z";"2026-03-05T13:15:00.000Z";601.9;262.5;18.51
"2026-03-05T13:15:00.000Z";"2026-03-05T13:30:00.000Z";664;236.1;29.96
"2026-03-05T13:30:00.000Z";"2026-03-05T13:45:00.000Z";725.3;209.7;36.76
"2026-03-05T13:45:00.000Z";"2026-03-05T14:00:00.000Z";787.1;183.2;49.1
"2026-03-05T14:00:00.000Z";"2026-03-05T14:15:00.000Z";768.7;147.9;97.28
"2026-03-05T14:15:00.000Z";"2026-03-05T14:30:00.000Z";826.9;121.4;97.72
"2026-03-05T14:30:00.000Z";"2026-03-05T14:45:00.000Z";884.3;94.8;101.05
"2026-03-05T14:45:00.000Z";"2026-03-05T15:00:00.000Z";941;68.3;101.1
"2026-03-05T15:00:00.000Z";"2026-03-05T15:15:00.000Z";967.1;19.8;102.22
"2026-03-05T15:15:00.000Z";"2026-03-05T15:30:00.000Z";1029;13.2;87.94
"2026-03-05T15:30:00.000Z";"2026-03-05T15:45:00.000Z";1085.6;6.6;171.22
"2026-03-05T15:45:00.000Z";"2026-03-05T16:00:00.000Z";1139.1;0;136.43
"2026-03-05T16:00:00.000Z";"2026-03-05T16:15:00.000Z";1254.4;0;132.07
"2026-03-05T16:15:00.000Z";"2026-03-05T16:30:00.000Z";1290.3;0;131.82
"2026-03-05T16:30:00.000Z";"2026-03-05T16:45:00.000Z";1317.1;0;50.39
"2026-03-05T16:45:00.000Z";"2026-03-05T17:00:00.000Z";1340.3;0;30
"2026-03-05T17:00:00.000Z";"2026-03-05T17:15:00.000Z";1398.7;0;114.23
"2026-03-05T17:15:00.000Z";"2026-03-05T17:30:00.000Z";1410.1;0;159.88
"2026-03-05T17:30:00.000Z";"2026-03-05T17:45:00.000Z";1418.5;0;101.58
"2026-03-05T17:45:00.000Z";"2026-03-05T18:00:00.000Z";1422;0;54.49
"2026-03-05T18:00:00.000Z";"2026-03-05T18:15:00.000Z";1613;0;37.86
"2026-03-05T18:15:00.000Z";"2026-03-05T18:30:00.000Z";1602.4;0;32.65
"2026-03-05T18:30:00.000Z";"2026-03-05T18:45:00.000Z";1572;0;11.67
"2026-03-05T18:45:00.000Z";"2026-03-05T19:00:00.000Z";1519.5;0;11.67
"2026-03-05T19:00:00.000Z";"2026-03-05T19:15:00.000Z";1534.9;0;16
"2026-03-05T19:15:00.000Z";"2026-03-05T19:30:00.000Z";1479.8;0;29.8
"2026-03-05T19:30:00.000Z";"2026-03-05T19:45:00.000Z";1432.3;0;20.48
"2026-03-05T19:45:00.000Z";"2026-03-05T20:00:00.000Z";1389.5;0;29.4
"2026-03-05T20:00:00.000Z";"2026-03-05T20:15:00.000Z";1355.4;0;90
"2026-03-05T20:15:00.000Z";"2026-03-05T20:30:00.000Z";1344.5;0;40
"2026-03-05T20:30:00.000Z";"2026-03-05T20:45:00.000Z";1355.9;0;120
"2026-03-05T20:45:00.000Z";"2026-03-05T21:00:00.000Z";1391;0;130
"2026-03-05T21:00:00.000Z";"2026-03-05T21:15:00.000Z";1395.8;0;101.33
"2026-03-05T21:15:00.000Z";"2026-03-05T21:30:00.000Z";1439.1;0;124.31
"2026-03-05T21:30:00.000Z";"2026-03-05T21:45:00.000Z";1480;0;149.18
"2026-03-05T21:45:00.000Z";"2026-03-05T22:00:00.000Z";1523.5;0;116.93
"2026-03-05T22:00:00.000Z";"2026-03-05T22:15:00.000Z";1521.8;0;111.73
"2026-03-05T22:15:00.000Z";"2026-03-05T22:30:00.000Z";1587;0;105.5
"2026-03-05T22:30:00.000Z";"2026-03-05T22:45:00.000Z";1649.6;0;153.57
"2026-03-05T22:45:00.000Z";"2026-03-05T23:00:00.000Z";1712.8;0;76.13
"2026-03-05T23:00:00.000Z";"2026-03-05T23:15:00.000Z";1655.3;0;120
"2026-03-05T23:15:00.000Z";"2026-03-05T23:30:00.000Z";1766.7;0;120
"2026-03-05T23:30:00.000Z";"2026-03-05T23:45:00.000Z";1882.9;0;90
"2026-03-05T23:45:00.000Z";"2026-03-06T00:00:00.000Z";2006.6;0;76
"2026-03-06T00:00:00.000Z";"2026-03-06T00:15:00.000Z";2052.1;0;59.25
"2026-03-06T00:15:00.000Z";"2026-03-06T00:30:00.000Z";2199.7;0;4.6
"2026-03-06T00:30:00.000Z";"2026-03-06T00:45:00.000Z";2343.1;0;45
"2026-03-06T00:45:00.000Z";"2026-03-06T01:00:00.000Z";2493.1;0;9.25
"2026-03-06T01:00:00.000Z";"2026-03-06T01:15:00.000Z";2699.3;0;2.48
"2026-03-06T01:15:00.000Z";"2026-03-06T01:30:00.000Z";2852.7;0;8.26
"2026-03-06T01:30:00.000Z";"2026-03-06T01:45:00.000Z";3000.5;0;13.51
"2026-03-06T01:45:00.000Z";"2026-03-06T02:00:00.000Z";3147.2;0;11.99
"2026-03-06T02:00:00.000Z";"2026-03-06T02:15:00.000Z";3334.6;0;2.47
"2026-03-06T02:15:00.000Z";"2026-03-06T02:30:00.000Z";3455.4;0;-1.69
"2026-03-06T02:30:00.000Z";"2026-03-06T02:45:00.000Z";3574.7;0;44.89
"2026-03-06T02:45:00.000Z";"2026-03-06T03:00:00.000Z";3697.1;0;45.5
"2026-03-06T03:00:00.000Z";"2026-03-06T03:15:00.000Z";4037.4;0;50
"2026-03-06T03:15:00.000Z";"2026-03-06T03:30:00.000Z";4123.3;0;26.5
"2026-03-06T03:30:00.000Z";"2026-03-06T03:45:00.000Z";4207.9;0;6.33
"2026-03-06T03:45:00.000Z";"2026-03-06T04:00:00.000Z";4294.5;0;10.09
"2026-03-06T04:00:00.000Z";"2026-03-06T04:15:00.000Z";4403.2;0;15
"2026-03-06T04:15:00.000Z";"2026-03-06T04:30:00.000Z";4470.1;0;36
"2026-03-06T04:30:00.000Z";"2026-03-06T04:45:00.000Z";4531.1;0;59.92
"2026-03-06T04:45:00.000Z";"2026-03-06T05:00:00.000Z";4591;0;58.87
"2026-03-06T05:00:00.000Z";"2026-03-06T05:15:00.000Z";5060.5;0;6.23
"2026-03-06T05:15:00.000Z";"2026-03-06T05:30:00.000Z";5091.6;10.7;0.83
"2026-03-06T05:30:00.000Z";"2026-03-06T05:45:00.000Z";5104.2;21.4;1.68
"2026-03-06T05:45:00.000Z";"2026-03-06T06:00:00.000Z";5101.4;32.1;1.4
"2026-03-06T06:00:00.000Z";"2026-03-06T06:15:00.000Z";5426.3;79.3;1
"2026-03-06T06:15:00.000Z";"2026-03-06T06:30:00.000Z";5399.9;106;1.4
"2026-03-06T06:30:00.000Z";"2026-03-06T06:45:00.000Z";5398.9;132.6;0.12
"2026-03-06T06:45:00.000Z";"2026-03-06T07:00:00.000Z";5421.8;159.3;0
"2026-03-06T07:00:00.000Z";"2026-03-06T07:15:00.000Z";5764.7;191.3;-1.01
"2026-03-06T07:15:00.000Z";"2026-03-06T07:30:00.000Z";5774.1;217.8;0.17
"2026-03-06T07:30:00.000Z";"2026-03-06T07:45:00.000Z";5746.5;244.3;0.11
"2026-03-06T07:45:00.000Z";"2026-03-06T08:00:00.000Z";5681.8;270.8;-0.2
"2026-03-06T08:00:00.000Z";"2026-03-06T08:15:00.000Z";4906.1;295.9;-0.2
"2026-03-06T08:15:00.000Z";"2026-03-06T08:30:00.000Z";4705.2;318.7;0
"2026-03-06T08:30:00.000Z";"2026-03-06T08:45:00.000Z";4514.5;341.5;0
"2026-03-06T08:45:00.000Z";"2026-03-06T09:00:00.000Z";4291.3;364.3;1.5
"2026-03-06T09:00:00.000Z";"2026-03-06T09:15:00.000Z";3486.5;392.4;0
"2026-03-06T09:15:00.000Z";"2026-03-06T09:30:00.000Z";3282.7;406.6;4
"2026-03-06T09:30:00.000Z";"2026-03-06T09:45:00.000Z";3097.3;420.9;1.23
"2026-03-06T09:45:00.000Z";"2026-03-06T10:00:00.000Z";2894.2;435.1;7.04
"2026-03-06T10:00:00.000Z";"2026-03-06T10:15:00.000Z";3099.6;438.4;3.7
"2026-03-06T10:15:00.000Z";"2026-03-06T10:30:00.000Z";2999.6;449.4;8
"2026-03-06T10:30:00.000Z";"2026-03-06T10:45:00.000Z";2916.7;449.4;0
"2026-03-06T10:45:00.000Z";"2026-03-06T11:00:00.000Z";2836.3;438.4;0
"2026-03-06T11:00:00.000Z";"2026-03-06T11:15:00.000Z";2917.3;437.3;1.46
"2026-03-06T11:15:00.000Z";"2026-03-06T11:30:00.000Z";2875.7;423.1;0
"2026-03-06T11:30:00.000Z";"2026-03-06T11:45:00.000Z";2846.6;408.9;0
"2026-03-06T11:45:00.000Z";"2026-03-06T12:00:00.000Z";2830.2;394.6;0.99
"2026-03-06T12:00:00.000Z";"2026-03-06T12:15:00.000Z";2760.4;366.7;-1.69
"2026-03-06T12:15:00.000Z";"2026-03-06T12:30:00.000Z";2767.7;342.1;0.15
"2026-03-06T12:30:00.000Z";"2026-03-06T12:45:00.000Z";2785.2;317.5;0
"2026-03-06T12:45:00.000Z";"2026-03-06T13:00:00.000Z";2814.6;292.9;-2
"2026-03-06T13:00:00.000Z";"2026-03-06T13:15:00.000Z";2887.6;260.8;-1
"2026-03-06T13:15:00.000Z";"2026-03-06T13:30:00.000Z";2946.8;232.1;0
"2026-03-06T13:30:00.000Z";"2026-03-06T13:45:00.000Z";3009.3;203.5;0
"2026-03-06T13:45:00.000Z";"2026-03-06T14:00:00.000Z";3079.6;174.9;1
"2026-03-06T14:00:00.000Z";"2026-03-06T14:15:00.000Z";3108.5;141.7;0
"2026-03-06T14:15:00.000Z";"2026-03-06T14:30:00.000Z";3219.4;115.8;0
"2026-03-06T14:30:00.000Z";"2026-03-06T14:45:00.000Z";3312.4;89.8;5
"2026-03-06T14:45:00.000Z";"2026-03-06T15:00:00.000Z";3393.4;63.9;8
"2026-03-06T15:00:00.000Z";"2026-03-06T15:15:00.000Z";3390.4;21.3;33.4
"2026-03-06T15:15:00.000Z";"2026-03-06T15:30:00.000Z";3507.9;14.2;-2.7
"2026-03-06T15:30:00.000Z";"2026-03-06T15:45:00.000Z";3642.8;7.1;-2
"2026-03-06T15:45:00.000Z";"2026-03-06T16:00:00.000Z";3804.2;0;-1
"2026-03-06T16:00:00.000Z";"2026-03-06T16:15:00.000Z";4256.2;0;5
"2026-03-06T16:15:00.000Z";"2026-03-06T16:30:00.000Z";4444.9;0;2
"2026-03-06T16:30:00.000Z";"2026-03-06T16:45:00.000Z";4624;0;54.2
"2026-03-06T16:45:00.000Z";"2026-03-06T17:00:00.000Z";4799.9;0;60
"2026-03-06T17:00:00.000Z";"2026-03-06T17:15:00.000Z";4426.8;0;60
"2026-03-06T17:15:00.000Z";"2026-03-06T17:30:00.000Z";4608.3;0;57.69
"2026-03-06T17:30:00.000Z";"2026-03-06T17:45:00.000Z";4783.4;0;40
"2026-03-06T17:45:00.000Z";"2026-03-06T18:00:00.000Z";4954.6;0;56.14
"2026-03-06T18:00:00.000Z";"2026-03-06T18:15:00.000Z";5304.4;0;56.96
"2026-03-06T18:15:00.000Z";"2026-03-06T18:30:00.000Z";5420.9;0;40.2
"2026-03-06T18:30:00.000Z";"2026-03-06T18:45:00.000Z";5531.9;0;10
"2026-03-06T18:45:00.000Z";"2026-03-06T19:00:00.000Z";5649.3;0;10
"2026-03-06T19:00:00.000Z";"2026-03-06T19:15:00.000Z";5791.1;0;0
"2026-03-06T19:15:00.000Z";"2026-03-06T19:30:00.000Z";5857.1;0;0
"2026-03-06T19:30:00.000Z";"2026-03-06T19:45:00.000Z";5897.2;0;0
"2026-03-06T19:45:00.000Z";"2026-03-06T20:00:00.000Z";5914.1;0;0
"2026-03-06T20:00:00.000Z";"2026-03-06T20:15:00.000Z";6083.3;0;-0.72
"2026-03-06T20:15:00.000Z";"2026-03-06T20:30:00.000Z";6062.8;0;-1
"2026-03-06T20:30:00.000Z";"2026-03-06T20:45:00.000Z";6029.3;0;0
"2026-03-06T20:45:00.000Z";"2026-03-06T21:00:00.000Z";5983;0;1.5
"2026-03-06T21:00:00.000Z";"2026-03-06T21:15:00.000Z";6129.2;0;-3.46
"2026-03-06T21:15:00.000Z";"2026-03-06T21:30:00.000Z";6060.9;0;-19.7
"2026-03-06T21:30:00.000Z";"2026-03-06T21:45:00.000Z";5991.6;0;-11.97
"2026-03-06T21:45:00.000Z";"2026-03-06T22:00:00.000Z";5918;0;1.5
"2026-03-06T22:00:00.000Z";"2026-03-06T22:15:00.000Z";6069.1;0;0
"2026-03-06T22:15:00.000Z";"2026-03-06T22:30:00.000Z";5975.6;0;0
"2026-03-06T22:30:00.000Z";"2026-03-06T22:45:00.000Z";5879.9;0;59.56
"2026-03-06T22:45:00.000Z";"2026-03-06T23:00:00.000Z";5783.2;0;55.69
"2026-03-06T23:00:00.000Z";"2026-03-06T23:15:00.000Z";5557.6;0;31.3
"2026-03-06T23:15:00.000Z";"2026-03-06T23:30:00.000Z";5468.2;0;-7.42
"2026-03-06T23:30:00.000Z";"2026-03-06T23:45:00.000Z";5378.9;0;-0.1
"2026-03-06T23:45:00.000Z";"2026-03-07T00:00:00.000Z";5287.6;0;-0.53
"2026-03-07T00:00:00.000Z";"2026-03-07T00:15:00.000Z";5433.9;0;-18.35
"2026-03-07T00:15:00.000Z";"2026-03-07T00:30:00.000Z";5353.2;0;-4.67
"2026-03-07T00:30:00.000Z";"2026-03-07T00:45:00.000Z";5274.5;0;-2.71
"2026-03-07T00:45:00.000Z";"2026-03-07T01:00:00.000Z";5194.5;0;-2.68
"2026-03-07T01:00:00.000Z";"2026-03-07T01:15:00.000Z";4971.5;0;-4.11
"2026-03-07T01:15:00.000Z";"2026-03-07T01:30:00.000Z";4885.3;0;1.28
"2026-03-07T01:30:00.000Z";"2026-03-07T01:45:00.000Z";4799.6;0;4.8
"2026-03-07T01:45:00.000Z";"2026-03-07T02:00:00.000Z";4712;0;10
"2026-03-07T02:00:00.000Z";"2026-03-07T02:15:00.000Z";4770.1;0;-12.56
"2026-03-07T02:15:00.000Z";"2026-03-07T02:30:00.000Z";4682.8;0;-16.69
"2026-03-07T02:30:00.000Z";"2026-03-07T02:45:00.000Z";4594;0;-2
"2026-03-07T02:45:00.000Z";"2026-03-07T03:00:00.000Z";4500.8;0;-1.58
"2026-03-07T03:00:00.000Z";"2026-03-07T03:15:00.000Z";4444;0;0
"2026-03-07T03:15:00.000Z";"2026-03-07T03:30:00.000Z";4330.9;0;1.28
"2026-03-07T03:30:00.000Z";"2026-03-07T03:45:00.000Z";4218.2;0;5
"2026-03-07T03:45:00.000Z";"2026-03-07T04:00:00.000Z";4102.5;0;12
"2026-03-07T04:00:00.000Z";"2026-03-07T04:15:00.000Z";4050.2;0;10
"2026-03-07T04:15:00.000Z";"2026-03-07T04:30:00.000Z";3944.6;0;44.61
"2026-03-07T04:30:00.000Z";"2026-03-07T04:45:00.000Z";3851.2;0;43.18
"2026-03-07T04:45:00.000Z";"2026-03-07T05:00:00.000Z";3769;0;64
"2026-03-07T05:00:00.000Z";"2026-03-07T05:15:00.000Z";3657.3;2;55.9
"2026-03-07T05:15:00.000Z";"2026-03-07T05:30:00.000Z";3580.5;20.2;24.59
"2026-03-07T05:30:00.000Z";"2026-03-07T05:45:00.000Z";3509.1;38.4;-11.1
"2026-03-07T05:45:00.000Z";"2026-03-07T06:00:00.000Z";3441.8;56.6;-23.03
"2026-03-07T06:00:00.000Z";"2026-03-07T06:15:00.000Z";3480.7;98.3;-19.95
"2026-03-07T06:15:00.000Z";"2026-03-07T06:30:00.000Z";3426.3;129.1;-18.95
"2026-03-07T06:30:00.000Z";"2026-03-07T06:45:00.000Z";3388.1;159.9;-11.21
"2026-03-07T06:45:00.000Z";"2026-03-07T07:00:00.000Z";3367.6;190.6;-5.36
"2026-03-07T07:00:00.000Z";"2026-03-07T07:15:00.000Z";3611.2;225;5
"2026-03-07T07:15:00.000Z";"2026-03-07T07:30:00.000Z";3612.5;254.6;7
"2026-03-07T07:30:00.000Z";"2026-03-07T07:45:00.000Z";3554.5;284.2;-4.57
"2026-03-07T07:45:00.000Z";"2026-03-07T08:00:00.000Z";3438.6;313.9;12.49
"2026-03-07T08:00:00.000Z";"2026-03-07T08:15:00.000Z";2817;344.1;5
"2026-03-07T08:15:00.000Z";"2026-03-07T08:30:00.000Z";2684.3;367.5;7
"2026-03-07T08:30:00.000Z";"2026-03-07T08:45:00.000Z";2555.2;390.8;3.76
"2026-03-07T08:45:00.000Z";"2026-03-07T09:00:00.000Z";2424.2;414.2;28.25
"2026-03-07T09:00:00.000Z";"2026-03-07T09:15:00.000Z";2192.5;436.5;5
"2026-03-07T09:15:00.000Z";"2026-03-07T09:30:00.000Z";2122.3;449.9;20
"2026-03-07T09:30:00.000Z";"2026-03-07T09:45:00.000Z";2077.8;463.3;45.77
"2026-03-07T09:45:00.000Z";"2026-03-07T10:00:00.000Z";2044.5;476.7;60.24
"2026-03-07T10:00:00.000Z";"2026-03-07T10:15:00.000Z";2189.4;481.2;82.01
"2026-03-07T10:15:00.000Z";"2026-03-07T10:30:00.000Z";2183.4;491.4;76
"2026-03-07T10:30:00.000Z";"2026-03-07T10:45:00.000Z";2192.2;491.4;75
"2026-03-07T10:45:00.000Z";"2026-03-07T11:00:00.000Z";2217.4;481.2;71.9
"2026-03-07T11:00:00.000Z";"2026-03-07T11:15:00.000Z";2341.8;480.8;71.9
"2026-03-07T11:15:00.000Z";"2026-03-07T11:30:00.000Z";2386.1;467.7;59.83
"2026-03-07T11:30:00.000Z";"2026-03-07T11:45:00.000Z";2425;454.6;60.55
"2026-03-07T11:45:00.000Z";"2026-03-07T12:00:00.000Z";2467.2;441.6;68
"2026-03-07T12:00:00.000Z";"2026-03-07T12:15:00.000Z";2663.4;419.6;59.83
"2026-03-07T12:15:00.000Z";"2026-03-07T12:30:00.000Z";2723.5;395.5;60.77
"2026-03-07T12:30:00.000Z";"2026-03-07T12:45:00.000Z";2779.5;371.3;60.03
"2026-03-07T12:45:00.000Z";"2026-03-07T13:00:00.000Z";2838.4;347.1;50.35
"2026-03-07T13:00:00.000Z";"2026-03-07T13:15:00.000Z";3262.7;316.7;65.96
"2026-03-07T13:15:00.000Z";"2026-03-07T13:30:00.000Z";3356.2;285.4;96
"2026-03-07T13:30:00.000Z";"2026-03-07T13:45:00.000Z";3447.2;254.1;59.1
"2026-03-07T13:45:00.000Z";"2026-03-07T14:00:00.000Z";3539.6;222.8;71.88
"2026-03-07T14:00:00.000Z";"2026-03-07T14:15:00.000Z";3903.5;182;75
"2026-03-07T14:15:00.000Z";"2026-03-07T14:30:00.000Z";3996.8;150.2;60.59
"2026-03-07T14:30:00.000Z";"2026-03-07T14:45:00.000Z";4086.8;118.4;70
"2026-03-07T14:45:00.000Z";"2026-03-07T15:00:00.000Z";4184.6;86.5;68.28
"2026-03-07T15:00:00.000Z";"2026-03-07T15:15:00.000Z";4028.7;30.3;71.49
"2026-03-07T15:15:00.000Z";"2026-03-07T15:30:00.000Z";4109.5;20.2;72.68
"2026-03-07T15:30:00.000Z";"2026-03-07T15:45:00.000Z";4184.9;10.1;14.25
"2026-03-07T15:45:00.000Z";"2026-03-07T16:00:00.000Z";4260.9;0;5
"2026-03-07T16:00:00.000Z";"2026-03-07T16:15:00.000Z";4289.3;0;8
"2026-03-07T16:15:00.000Z";"2026-03-07T16:30:00.000Z";4340.7;0;6
"2026-03-07T16:30:00.000Z";"2026-03-07T16:45:00.000Z";4391.6;0;6.96
"2026-03-07T16:45:00.000Z";"2026-03-07T17:00:00.000Z";4444.8;0;15
"2026-03-07T17:00:00.000Z";"2026-03-07T17:15:00.000Z";4812.9;0;21.8
"2026-03-07T17:15:00.000Z";"2026-03-07T17:30:00.000Z";4848.7;0;42.56
"2026-03-07T17:30:00.000Z";"2026-03-07T17:45:00.000Z";4878.6;0;-0.15
"2026-03-07T17:45:00.000Z";"2026-03-07T18:00:00.000Z";4905;0;0
"2026-03-07T18:00:00.000Z";"2026-03-07T18:15:00.000Z";5424.6;0;3.63
"2026-03-07T18:15:00.000Z";"2026-03-07T18:30:00.000Z";5435.7;0;0.02
"2026-03-07T18:30:00.000Z";"2026-03-07T18:45:00.000Z";5446.6;0;0
"2026-03-07T18:45:00.000Z";"2026-03-07T19:00:00.000Z";5456.4;0;0
"2026-03-07T19:00:00.000Z";"2026-03-07T19:15:00.000Z";5741.8;0;0
"2026-03-07T19:15:00.000Z";"2026-03-07T19:30:00.000Z";5744.4;0;0
"2026-03-07T19:30:00.000Z";"2026-03-07T19:45:00.000Z";5745.7;0;-1
"2026-03-07T19:45:00.000Z";"2026-03-07T20:00:00.000Z";5746;0;-1
"2026-03-07T20:00:00.000Z";"2026-03-07T20:15:00.000Z";5817.7;0;-2
"2026-03-07T20:15:00.000Z";"2026-03-07T20:30:00.000Z";5801.5;0;-5
"2026-03-07T20:30:00.000Z";"2026-03-07T20:45:00.000Z";5785;0;-2
"2026-03-07T20:45:00.000Z";"2026-03-07T21:00:00.000Z";5767.6;0;-2
"2026-03-07T21:00:00.000Z";"2026-03-07T21:15:00.000Z";5679.8;0;-2.7
"2026-03-07T21:15:00.000Z";"2026-03-07T21:30:00.000Z";5657.9;0;-2.91
"2026-03-07T21:30:00.000Z";"2026-03-07T21:45:00.000Z";5633.6;0;-4.45
"2026-03-07T21:45:00.000Z";"2026-03-07T22:00:00.000Z";5606.8;0;-4.77